season,tournament,date,home_team,away_team,team,player_name,shirt_number,position,is_starter,sub_minute_off,sub_minute_on,minutes_played,espn_match_id,source
2017,British & Irish Lions,2017-06-03,Provincial Union XV,British and Irish Lions,Provincial Union XV,Luteru Laulala,15,FB,True,,0,80,290594,espn
2017,British & Irish Lions,2017-06-03,Provincial Union XV,British and Irish Lions,Provincial Union XV,Sam Vaka,14,W,True,,0,80,290594,espn
2017,British & Irish Lions,2017-06-03,Provincial Union XV,British and Irish Lions,Provincial Union XV,Inga Finau,13,C,True,,0,80,290594,espn
2017,British & Irish Lions,2017-06-03,Provincial Union XV,British and Irish Lions,Provincial Union XV,Dwayne Sweeney,12,C,True,,0,80,290594,espn
2017,British & Irish Lions,2017-06-03,Provincial Union XV,British and Irish Lions,Provincial Union XV,Sevu Reece,11,W,True,,0,80,290594,espn
2017,British & Irish Lions,2017-06-03,Provincial Union XV,British and Irish Lions,Provincial Union XV,Bryn Gatland,10,FH,True,,0,80,290594,espn
2017,British & Irish Lions,2017-06-03,Provincial Union XV,British and Irish Lions,Provincial Union XV,Jack Stratton,9,SH,True,,0,80,290594,espn
2017,British & Irish Lions,2017-06-03,Provincial Union XV,British and Irish Lions,Provincial Union XV,Aidan Ross,1,P,True,,0,80,290594,espn
2017,British & Irish Lions,2017-06-03,Provincial Union XV,British and Irish Lions,Provincial Union XV,Sam Anderson-Heather,2,H,True,,0,80,290594,espn
2017,British & Irish Lions,2017-06-03,Provincial Union XV,British and Irish Lions,Provincial Union XV,Oli Jager,3,P,True,,0,80,290594,espn
2017,British & Irish Lions,2017-06-03,Provincial Union XV,British and Irish Lions,Provincial Union XV,Josh Goodhue,4,L,True,,0,80,290594,espn
2017,British & Irish Lions,2017-06-03,Provincial Union XV,British and Irish Lions,Provincial Union XV,Keepa Mewett,5,L,True,,0,80,290594,espn
2017,British & Irish Lions,2017-06-03,Provincial Union XV,British and Irish Lions,Provincial Union XV,James Tucker,6,FL,True,,0,80,290594,espn
2017,British & Irish Lions,2017-06-03,Provincial Union XV,British and Irish Lions,Provincial Union XV,Lachlan Boshier,7,FL,True,,0,80,290594,espn
2017,British & Irish Lions,2017-06-03,Provincial Union XV,British and Irish Lions,Provincial Union XV,Mitch Dunshea,8,N8,True,,0,80,290594,espn
2017,British & Irish Lions,2017-06-03,Provincial Union XV,British and Irish Lions,Provincial Union XV,Andrew Makalio,16,R,False,,41,39,290594,espn
2017,British & Irish Lions,2017-06-03,Provincial Union XV,British and Irish Lions,Provincial Union XV,Tolu Fahamokioa,17,R,False,,50,30,290594,espn
2017,British & Irish Lions,2017-06-03,Provincial Union XV,British and Irish Lions,Provincial Union XV,Marcel Renata,18,R,False,,61,19,290594,espn
2017,British & Irish Lions,2017-06-03,Provincial Union XV,British and Irish Lions,Provincial Union XV,Matt Matich,19,R,False,,46,34,290594,espn
2017,British & Irish Lions,2017-06-03,Provincial Union XV,British and Irish Lions,Provincial Union XV,Peter Rowe,20,R,False,,61,19,290594,espn
2017,British & Irish Lions,2017-06-03,Provincial Union XV,British and Irish Lions,Provincial Union XV,Richard Judd,21,R,False,,54,26,290594,espn
2017,British & Irish Lions,2017-06-03,Provincial Union XV,British and Irish Lions,Provincial Union XV,Jonah Lowe,22,R,False,,19,61,290594,espn
2017,British & Irish Lions,2017-06-03,Provincial Union XV,British and Irish Lions,Provincial Union XV,Joe Webber,23,R,False,,58,22,290594,espn
2017,British & Irish Lions,2017-06-03,Provincial Union XV,British and Irish Lions,British and Irish Lions,Stuart Hogg,15,FB,True,,0,80,290594,espn
2017,British & Irish Lions,2017-06-03,Provincial Union XV,British and Irish Lions,British and Irish Lions,Anthony Watson,14,W,True,,0,80,290594,espn
2017,British & Irish Lions,2017-06-03,Provincial Union XV,British and Irish Lions,British and Irish Lions,Jonathan Joseph,13,C,True,,0,80,290594,espn
2017,British & Irish Lions,2017-06-03,Provincial Union XV,British and Irish Lions,British and Irish Lions,Ben Te'o,12,C,True,,0,80,290594,espn
2017,British & Irish Lions,2017-06-03,Provincial Union XV,British and Irish Lions,British and Irish Lions,Tommy Seymour,11,W,True,,0,80,290594,espn
2017,British & Irish Lions,2017-06-03,Provincial Union XV,British and Irish Lions,British and Irish Lions,Johnny Sexton,10,FH,True,,0,80,290594,espn
2017,British & Irish Lions,2017-06-03,Provincial Union XV,British and Irish Lions,British and Irish Lions,Greig Laidlaw,9,SH,True,,0,80,290594,espn
2017,British & Irish Lions,2017-06-03,Provincial Union XV,British and Irish Lions,British and Irish Lions,Joe Marler,1,P,True,,0,80,290594,espn
2017,British & Irish Lions,2017-06-03,Provincial Union XV,British and Irish Lions,British and Irish Lions,Rory Best,2,H,True,,0,80,290594,espn
2017,British & Irish Lions,2017-06-03,Provincial Union XV,British and Irish Lions,British and Irish Lions,Kyle Sinckler,3,P,True,,0,80,290594,espn
2017,British & Irish Lions,2017-06-03,Provincial Union XV,British and Irish Lions,British and Irish Lions,Alun Wyn Jones,4,L,True,,0,80,290594,espn
2017,British & Irish Lions,2017-06-03,Provincial Union XV,British and Irish Lions,British and Irish Lions,Iain Henderson,5,L,True,,0,80,290594,espn
2017,British & Irish Lions,2017-06-03,Provincial Union XV,British and Irish Lions,British and Irish Lions,Ross Moriarty,6,FL,True,,0,80,290594,espn
2017,British & Irish Lions,2017-06-03,Provincial Union XV,British and Irish Lions,British and Irish Lions,Sam Warburton,7,FL,True,,0,80,290594,espn
2017,British & Irish Lions,2017-06-03,Provincial Union XV,British and Irish Lions,British and Irish Lions,Taulupe Faletau,8,N8,True,,0,80,290594,espn
2017,British & Irish Lions,2017-06-03,Provincial Union XV,British and Irish Lions,British and Irish Lions,Jamie George,16,R,False,,50,30,290594,espn
2017,British & Irish Lions,2017-06-03,Provincial Union XV,British and Irish Lions,British and Irish Lions,Mako Vunipola,17,R,False,,50,30,290594,espn
2017,British & Irish Lions,2017-06-03,Provincial Union XV,British and Irish Lions,British and Irish Lions,Tadhg Furlong,18,R,False,,50,30,290594,espn
2017,British & Irish Lions,2017-06-03,Provincial Union XV,British and Irish Lions,British and Irish Lions,George Kruis,19,R,False,,50,30,290594,espn
2017,British & Irish Lions,2017-06-03,Provincial Union XV,British and Irish Lions,British and Irish Lions,Justin Tipuric,20,R,False,,67,13,290594,espn
2017,British & Irish Lions,2017-06-03,Provincial Union XV,British and Irish Lions,British and Irish Lions,Rhys Webb,21,R,False,,58,22,290594,espn
2017,British & Irish Lions,2017-06-03,Provincial Union XV,British and Irish Lions,British and Irish Lions,Owen Farrell,22,R,False,,49,31,290594,espn
2017,British & Irish Lions,2017-06-03,Provincial Union XV,British and Irish Lions,British and Irish Lions,Elliot Daly,23,R,False,,,0,290594,espn
2017,British & Irish Lions,2017-06-07,Blues,British and Irish Lions,Blues,Michael Collins,15,FB,True,,0,80,290595,espn
2017,British & Irish Lions,2017-06-07,Blues,British and Irish Lions,Blues,Matt Duffie,14,W,True,,0,80,290595,espn
2017,British & Irish Lions,2017-06-07,Blues,British and Irish Lions,Blues,George Moala,13,C,True,,0,80,290595,espn
2017,British & Irish Lions,2017-06-07,Blues,British and Irish Lions,Blues,Sonny Bill Williams,12,C,True,,0,80,290595,espn
2017,British & Irish Lions,2017-06-07,Blues,British and Irish Lions,Blues,Rieko Ioane,11,W,True,,0,80,290595,espn
2017,British & Irish Lions,2017-06-07,Blues,British and Irish Lions,Blues,Stephen Perofeta,10,FH,True,,0,80,290595,espn
2017,British & Irish Lions,2017-06-07,Blues,British and Irish Lions,Blues,Augustine Pulu,9,SH,True,,0,80,290595,espn
2017,British & Irish Lions,2017-06-07,Blues,British and Irish Lions,Blues,Ofa Tu'ungafasi,1,P,True,,0,80,290595,espn
2017,British & Irish Lions,2017-06-07,Blues,British and Irish Lions,Blues,James Parsons,2,H,True,,0,80,290595,espn
2017,British & Irish Lions,2017-06-07,Blues,British and Irish Lions,Blues,Charlie Faumuina,3,P,True,,0,80,290595,espn
2017,British & Irish Lions,2017-06-07,Blues,British and Irish Lions,Blues,Gerard Cowley-Tuioti,4,L,True,,0,80,290595,espn
2017,British & Irish Lions,2017-06-07,Blues,British and Irish Lions,Blues,Scott Scrafton,5,L,True,,0,80,290595,espn
2017,British & Irish Lions,2017-06-07,Blues,British and Irish Lions,Blues,Akira Ioane,6,FL,True,,0,80,290595,espn
2017,British & Irish Lions,2017-06-07,Blues,British and Irish Lions,Blues,Blake Gibson,7,FL,True,,0,80,290595,espn
2017,British & Irish Lions,2017-06-07,Blues,British and Irish Lions,Blues,Steven Luatua,8,N8,True,,0,80,290595,espn
2017,British & Irish Lions,2017-06-07,Blues,British and Irish Lions,Blues,Hame Faiva,16,R,False,,72,8,290595,espn
2017,British & Irish Lions,2017-06-07,Blues,British and Irish Lions,Blues,Alex Hodgman,17,R,False,,58,22,290595,espn
2017,British & Irish Lions,2017-06-07,Blues,British and Irish Lions,Blues,Sione Mafile'o,18,R,False,,58,22,290595,espn
2017,British & Irish Lions,2017-06-07,Blues,British and Irish Lions,Blues,Jimmy Tupou,19,R,False,,58,22,290595,espn
2017,British & Irish Lions,2017-06-07,Blues,British and Irish Lions,Blues,Kara Pryor,20,R,False,,66,14,290595,espn
2017,British & Irish Lions,2017-06-07,Blues,British and Irish Lions,Blues,Sam Nock,21,R,False,,72,8,290595,espn
2017,British & Irish Lions,2017-06-07,Blues,British and Irish Lions,Blues,Ihaia West,22,R,False,,52,28,290595,espn
2017,British & Irish Lions,2017-06-07,Blues,British and Irish Lions,Blues,TJ Faiane,23,R,False,,66,14,290595,espn
2017,British & Irish Lions,2017-06-07,Blues,British and Irish Lions,British and Irish Lions,Leigh Halfpenny,15,FB,True,,0,80,290595,espn
2017,British & Irish Lions,2017-06-07,Blues,British and Irish Lions,British and Irish Lions,Jack Nowell,14,W,True,,0,80,290595,espn
2017,British & Irish Lions,2017-06-07,Blues,British and Irish Lions,British and Irish Lions,Jared Payne,13,C,True,,0,80,290595,espn
2017,British & Irish Lions,2017-06-07,Blues,British and Irish Lions,British and Irish Lions,Robbie Henshaw,12,C,True,,0,80,290595,espn
2017,British & Irish Lions,2017-06-07,Blues,British and Irish Lions,British and Irish Lions,Elliot Daly,11,W,True,,0,80,290595,espn
2017,British & Irish Lions,2017-06-07,Blues,British and Irish Lions,British and Irish Lions,Dan Biggar,10,FH,True,,0,80,290595,espn
2017,British & Irish Lions,2017-06-07,Blues,British and Irish Lions,British and Irish Lions,Rhys Webb,9,SH,True,,0,80,290595,espn
2017,British & Irish Lions,2017-06-07,Blues,British and Irish Lions,British and Irish Lions,Jack McGrath,1,P,True,,0,80,290595,espn
2017,British & Irish Lions,2017-06-07,Blues,British and Irish Lions,British and Irish Lions,Ken Owens,2,H,True,,0,80,290595,espn
2017,British & Irish Lions,2017-06-07,Blues,British and Irish Lions,British and Irish Lions,Dan Cole,3,P,True,,0,80,290595,espn
2017,British & Irish Lions,2017-06-07,Blues,British and Irish Lions,British and Irish Lions,Maro Itoje,4,L,True,,0,80,290595,espn
2017,British & Irish Lions,2017-06-07,Blues,British and Irish Lions,British and Irish Lions,Courtney Lawes,5,L,True,,0,80,290595,espn
2017,British & Irish Lions,2017-06-07,Blues,British and Irish Lions,British and Irish Lions,James Haskell,6,FL,True,,0,80,290595,espn
2017,British & Irish Lions,2017-06-07,Blues,British and Irish Lions,British and Irish Lions,Justin Tipuric,7,FL,True,,0,80,290595,espn
2017,British & Irish Lions,2017-06-07,Blues,British and Irish Lions,British and Irish Lions,CJ Stander,8,N8,True,,0,80,290595,espn
2017,British & Irish Lions,2017-06-07,Blues,British and Irish Lions,British and Irish Lions,Rory Best,16,R,False,,69,11,290595,espn
2017,British & Irish Lions,2017-06-07,Blues,British and Irish Lions,British and Irish Lions,Joe Marler,17,R,False,,54,26,290595,espn
2017,British & Irish Lions,2017-06-07,Blues,British and Irish Lions,British and Irish Lions,Kyle Sinckler,18,R,False,,55,25,290595,espn
2017,British & Irish Lions,2017-06-07,Blues,British and Irish Lions,British and Irish Lions,Iain Henderson,19,R,False,,76,4,290595,espn
2017,British & Irish Lions,2017-06-07,Blues,British and Irish Lions,British and Irish Lions,Peter O'Mahony,20,R,False,,54,26,290595,espn
2017,British & Irish Lions,2017-06-07,Blues,British and Irish Lions,British and Irish Lions,Greig Laidlaw,21,R,False,,76,4,290595,espn
2017,British & Irish Lions,2017-06-07,Blues,British and Irish Lions,British and Irish Lions,Johnny Sexton,22,R,False,,36,44,290595,espn
2017,British & Irish Lions,2017-06-07,Blues,British and Irish Lions,British and Irish Lions,Liam Williams,23,R,False,,48,32,290595,espn
2017,British & Irish Lions,2017-06-10,Crusaders,British and Irish Lions,Crusaders,Israel Dagg,15,FB,True,,0,80,290596,espn
2017,British & Irish Lions,2017-06-10,Crusaders,British and Irish Lions,Crusaders,Seta Tamanivalu,14,W,True,,0,80,290596,espn
2017,British & Irish Lions,2017-06-10,Crusaders,British and Irish Lions,Crusaders,Jack Goodhue,13,C,True,,0,80,290596,espn
2017,British & Irish Lions,2017-06-10,Crusaders,British and Irish Lions,Crusaders,David Havili,12,C,True,,0,80,290596,espn
2017,British & Irish Lions,2017-06-10,Crusaders,British and Irish Lions,Crusaders,George Bridge,11,W,True,,0,80,290596,espn
2017,British & Irish Lions,2017-06-10,Crusaders,British and Irish Lions,Crusaders,Richie Mo'unga,10,FH,True,,0,80,290596,espn
2017,British & Irish Lions,2017-06-10,Crusaders,British and Irish Lions,Crusaders,Bryn Hall,9,SH,True,,0,80,290596,espn
2017,British & Irish Lions,2017-06-10,Crusaders,British and Irish Lions,Crusaders,Joe Moody,1,P,True,,0,80,290596,espn
2017,British & Irish Lions,2017-06-10,Crusaders,British and Irish Lions,Crusaders,Codie Taylor,2,H,True,,0,80,290596,espn
2017,British & Irish Lions,2017-06-10,Crusaders,British and Irish Lions,Crusaders,Owen Franks,3,P,True,,0,80,290596,espn
2017,British & Irish Lions,2017-06-10,Crusaders,British and Irish Lions,Crusaders,Luke Romano,4,L,True,,0,80,290596,espn
2017,British & Irish Lions,2017-06-10,Crusaders,British and Irish Lions,Crusaders,Sam Whitelock,5,L,True,,0,80,290596,espn
2017,British & Irish Lions,2017-06-10,Crusaders,British and Irish Lions,Crusaders,Heiden Bedwell-Curtis,6,FL,True,,0,80,290596,espn
2017,British & Irish Lions,2017-06-10,Crusaders,British and Irish Lions,Crusaders,Matt Todd,7,FL,True,,0,80,290596,espn
2017,British & Irish Lions,2017-06-10,Crusaders,British and Irish Lions,Crusaders,Jordan Taufua,8,N8,True,,0,80,290596,espn
2017,British & Irish Lions,2017-06-10,Crusaders,British and Irish Lions,Crusaders,Ben Funnell,16,R,False,,51,29,290596,espn
2017,British & Irish Lions,2017-06-10,Crusaders,British and Irish Lions,Crusaders,Wyatt Crockett,17,R,False,,51,29,290596,espn
2017,British & Irish Lions,2017-06-10,Crusaders,British and Irish Lions,Crusaders,Michael Ala'alatoa,18,R,False,,51,29,290596,espn
2017,British & Irish Lions,2017-06-10,Crusaders,British and Irish Lions,Crusaders,Quinten Strange,19,R,False,,56,24,290596,espn
2017,British & Irish Lions,2017-06-10,Crusaders,British and Irish Lions,Crusaders,Jed Brown,20,R,False,,62,18,290596,espn
2017,British & Irish Lions,2017-06-10,Crusaders,British and Irish Lions,Crusaders,Mitchell Drummond,21,R,False,,62,18,290596,espn
2017,British & Irish Lions,2017-06-10,Crusaders,British and Irish Lions,Crusaders,Mitchell Hunt,22,R,False,,74,6,290596,espn
2017,British & Irish Lions,2017-06-10,Crusaders,British and Irish Lions,Crusaders,Tim Bateman,23,R,False,,66,14,290596,espn
2017,British & Irish Lions,2017-06-10,Crusaders,British and Irish Lions,British and Irish Lions,Stuart Hogg,15,FB,True,,0,80,290596,espn
2017,British & Irish Lions,2017-06-10,Crusaders,British and Irish Lions,British and Irish Lions,George North,14,W,True,,0,80,290596,espn
2017,British & Irish Lions,2017-06-10,Crusaders,British and Irish Lions,British and Irish Lions,Jonathan Davies,13,C,True,,0,80,290596,espn
2017,British & Irish Lions,2017-06-10,Crusaders,British and Irish Lions,British and Irish Lions,Ben Te'o,12,C,True,,0,80,290596,espn
2017,British & Irish Lions,2017-06-10,Crusaders,British and Irish Lions,British and Irish Lions,Liam Williams,11,W,True,,0,80,290596,espn
2017,British & Irish Lions,2017-06-10,Crusaders,British and Irish Lions,British and Irish Lions,Owen Farrell,10,FH,True,,0,80,290596,espn
2017,British & Irish Lions,2017-06-10,Crusaders,British and Irish Lions,British and Irish Lions,Conor Murray,9,SH,True,,0,80,290596,espn
2017,British & Irish Lions,2017-06-10,Crusaders,British and Irish Lions,British and Irish Lions,Mako Vunipola,1,P,True,,0,80,290596,espn
2017,British & Irish Lions,2017-06-10,Crusaders,British and Irish Lions,British and Irish Lions,Jamie George,2,H,True,,0,80,290596,espn
2017,British & Irish Lions,2017-06-10,Crusaders,British and Irish Lions,British and Irish Lions,Tadhg Furlong,3,P,True,,0,80,290596,espn
2017,British & Irish Lions,2017-06-10,Crusaders,British and Irish Lions,British and Irish Lions,Alun Wyn Jones,4,L,True,,0,80,290596,espn
2017,British & Irish Lions,2017-06-10,Crusaders,British and Irish Lions,British and Irish Lions,George Kruis,5,L,True,,0,80,290596,espn
2017,British & Irish Lions,2017-06-10,Crusaders,British and Irish Lions,British and Irish Lions,Peter O'Mahony,6,FL,True,,0,80,290596,espn
2017,British & Irish Lions,2017-06-10,Crusaders,British and Irish Lions,British and Irish Lions,Sean O'Brien,7,FL,True,,0,80,290596,espn
2017,British & Irish Lions,2017-06-10,Crusaders,British and Irish Lions,British and Irish Lions,Taulupe Faletau,8,N8,True,,0,80,290596,espn
2017,British & Irish Lions,2017-06-10,Crusaders,British and Irish Lions,British and Irish Lions,Ken Owens,16,R,False,,66,14,290596,espn
2017,British & Irish Lions,2017-06-10,Crusaders,British and Irish Lions,British and Irish Lions,Jack McGrath,17,R,False,,62,18,290596,espn
2017,British & Irish Lions,2017-06-10,Crusaders,British and Irish Lions,British and Irish Lions,Dan Cole,18,R,False,,66,14,290596,espn
2017,British & Irish Lions,2017-06-10,Crusaders,British and Irish Lions,British and Irish Lions,Maro Itoje,19,R,False,,62,18,290596,espn
2017,British & Irish Lions,2017-06-10,Crusaders,British and Irish Lions,British and Irish Lions,CJ Stander,20,R,False,,56,24,290596,espn
2017,British & Irish Lions,2017-06-10,Crusaders,British and Irish Lions,British and Irish Lions,Rhys Webb,21,R,False,,,0,290596,espn
2017,British & Irish Lions,2017-06-10,Crusaders,British and Irish Lions,British and Irish Lions,Johnny Sexton,22,R,False,,29,51,290596,espn
2017,British & Irish Lions,2017-06-10,Crusaders,British and Irish Lions,British and Irish Lions,Anthony Watson,23,R,False,,20,60,290596,espn
2017,British & Irish Lions,2017-06-13,Highlanders,British and Irish Lions,Highlanders,Richard Buckman,15,FB,True,,0,80,290597,espn
2017,British & Irish Lions,2017-06-13,Highlanders,British and Irish Lions,Highlanders,Waisake Naholo,14,W,True,,0,80,290597,espn
2017,British & Irish Lions,2017-06-13,Highlanders,British and Irish Lions,Highlanders,Malakai Fekitoa,13,C,True,,0,80,290597,espn
2017,British & Irish Lions,2017-06-13,Highlanders,British and Irish Lions,Highlanders,Teihorangi Walden,12,C,True,,0,80,290597,espn
2017,British & Irish Lions,2017-06-13,Highlanders,British and Irish Lions,Highlanders,Tevita Li,11,W,True,,0,80,290597,espn
2017,British & Irish Lions,2017-06-13,Highlanders,British and Irish Lions,Highlanders,Lima Sopoaga,10,FH,True,,0,80,290597,espn
2017,British & Irish Lions,2017-06-13,Highlanders,British and Irish Lions,Highlanders,Kayne Hammington,9,SH,True,,0,80,290597,espn
2017,British & Irish Lions,2017-06-13,Highlanders,British and Irish Lions,Highlanders,Daniel Lienert-Brown,1,P,True,,0,80,290597,espn
2017,British & Irish Lions,2017-06-13,Highlanders,British and Irish Lions,Highlanders,Liam Coltman,2,H,True,,0,80,290597,espn
2017,British & Irish Lions,2017-06-13,Highlanders,British and Irish Lions,Highlanders,Siate Tokolahi,3,P,True,,0,80,290597,espn
2017,British & Irish Lions,2017-06-13,Highlanders,British and Irish Lions,Highlanders,Alex Ainley,4,L,True,,0,80,290597,espn
2017,British & Irish Lions,2017-06-13,Highlanders,British and Irish Lions,Highlanders,Jackson Hemopo,5,L,True,,0,80,290597,espn
2017,British & Irish Lions,2017-06-13,Highlanders,British and Irish Lions,Highlanders,Gareth Evans,6,FL,True,,0,80,290597,espn
2017,British & Irish Lions,2017-06-13,Highlanders,British and Irish Lions,Highlanders,Dillon Hunt,7,FL,True,,0,80,290597,espn
2017,British & Irish Lions,2017-06-13,Highlanders,British and Irish Lions,Highlanders,Luke Whitelock,8,N8,True,,0,80,290597,espn
2017,British & Irish Lions,2017-06-13,Highlanders,British and Irish Lions,Highlanders,Greg Pleasants-Tate,16,R,False,,68,12,290597,espn
2017,British & Irish Lions,2017-06-13,Highlanders,British and Irish Lions,Highlanders,Aki Seiuli,17,R,False,,59,21,290597,espn
2017,British & Irish Lions,2017-06-13,Highlanders,British and Irish Lions,Highlanders,Siua Halanukonuka,18,R,False,,68,12,290597,espn
2017,British & Irish Lions,2017-06-13,Highlanders,British and Irish Lions,Highlanders,Josh Dickson,19,R,False,,55,25,290597,espn
2017,British & Irish Lions,2017-06-13,Highlanders,British and Irish Lions,Highlanders,James Lentjes,20,R,False,,59,21,290597,espn
2017,British & Irish Lions,2017-06-13,Highlanders,British and Irish Lions,Highlanders,Josh Renton,21,R,False,,75,5,290597,espn
2017,British & Irish Lions,2017-06-13,Highlanders,British and Irish Lions,Highlanders,Marty Banks,22,R,False,,55,25,290597,espn
2017,British & Irish Lions,2017-06-13,Highlanders,British and Irish Lions,Highlanders,Patrick Osborne,23,R,False,,68,12,290597,espn
2017,British & Irish Lions,2017-06-13,Highlanders,British and Irish Lions,British and Irish Lions,Jared Payne,15,FB,True,,0,80,290597,espn
2017,British & Irish Lions,2017-06-13,Highlanders,British and Irish Lions,British and Irish Lions,Jack Nowell,14,W,True,,0,80,290597,espn
2017,British & Irish Lions,2017-06-13,Highlanders,British and Irish Lions,British and Irish Lions,Jonathan Joseph,13,C,True,,0,80,290597,espn
2017,British & Irish Lions,2017-06-13,Highlanders,British and Irish Lions,British and Irish Lions,Robbie Henshaw,12,C,True,,0,80,290597,espn
2017,British & Irish Lions,2017-06-13,Highlanders,British and Irish Lions,British and Irish Lions,Tommy Seymour,11,W,True,,0,80,290597,espn
2017,British & Irish Lions,2017-06-13,Highlanders,British and Irish Lions,British and Irish Lions,Dan Biggar,10,FH,True,,0,80,290597,espn
2017,British & Irish Lions,2017-06-13,Highlanders,British and Irish Lions,British and Irish Lions,Rhys Webb,9,SH,True,,0,80,290597,espn
2017,British & Irish Lions,2017-06-13,Highlanders,British and Irish Lions,British and Irish Lions,Joe Marler,1,P,True,,0,80,290597,espn
2017,British & Irish Lions,2017-06-13,Highlanders,British and Irish Lions,British and Irish Lions,Rory Best,2,H,True,,0,80,290597,espn
2017,British & Irish Lions,2017-06-13,Highlanders,British and Irish Lions,British and Irish Lions,Kyle Sinckler,3,P,True,,0,80,290597,espn
2017,British & Irish Lions,2017-06-13,Highlanders,British and Irish Lions,British and Irish Lions,Courtney Lawes,4,L,True,,0,80,290597,espn
2017,British & Irish Lions,2017-06-13,Highlanders,British and Irish Lions,British and Irish Lions,Iain Henderson,5,L,True,,0,80,290597,espn
2017,British & Irish Lions,2017-06-13,Highlanders,British and Irish Lions,British and Irish Lions,James Haskell,6,FL,True,,0,80,290597,espn
2017,British & Irish Lions,2017-06-13,Highlanders,British and Irish Lions,British and Irish Lions,Sam Warburton,7,FL,True,,0,80,290597,espn
2017,British & Irish Lions,2017-06-13,Highlanders,British and Irish Lions,British and Irish Lions,CJ Stander,8,N8,True,,0,80,290597,espn
2017,British & Irish Lions,2017-06-13,Highlanders,British and Irish Lions,British and Irish Lions,Ken Owens,16,R,False,,49,31,290597,espn
2017,British & Irish Lions,2017-06-13,Highlanders,British and Irish Lions,British and Irish Lions,Jack McGrath,17,R,False,,55,25,290597,espn
2017,British & Irish Lions,2017-06-13,Highlanders,British and Irish Lions,British and Irish Lions,Dan Cole,18,R,False,,49,31,290597,espn
2017,British & Irish Lions,2017-06-13,Highlanders,British and Irish Lions,British and Irish Lions,Alun Wyn Jones,19,R,False,,27,53,290597,espn
2017,British & Irish Lions,2017-06-13,Highlanders,British and Irish Lions,British and Irish Lions,Justin Tipuric,20,R,False,,68,12,290597,espn
2017,British & Irish Lions,2017-06-13,Highlanders,British and Irish Lions,British and Irish Lions,Greig Laidlaw,21,R,False,,48,32,290597,espn
2017,British & Irish Lions,2017-06-13,Highlanders,British and Irish Lions,British and Irish Lions,Owen Farrell,22,R,False,,68,12,290597,espn
2017,British & Irish Lions,2017-06-13,Highlanders,British and Irish Lions,British and Irish Lions,Elliot Daly,23,R,False,,63,17,290597,espn
2017,British & Irish Lions,2017-06-17,New Zealand Maori,British and Irish Lions,New Zealand Maori,James Lowe,15,FB,True,,0,80,290598,espn
2017,British & Irish Lions,2017-06-17,New Zealand Maori,British and Irish Lions,New Zealand Maori,Nehe Milner-Skudder,14,W,True,,0,80,290598,espn
2017,British & Irish Lions,2017-06-17,New Zealand Maori,British and Irish Lions,New Zealand Maori,Matt Proctor,13,C,True,,0,80,290598,espn
2017,British & Irish Lions,2017-06-17,New Zealand Maori,British and Irish Lions,New Zealand Maori,Charlie Ngatai,12,C,True,,0,80,290598,espn
2017,British & Irish Lions,2017-06-17,New Zealand Maori,British and Irish Lions,New Zealand Maori,Rieko Ioane,11,W,True,,0,80,290598,espn
2017,British & Irish Lions,2017-06-17,New Zealand Maori,British and Irish Lions,New Zealand Maori,Damian McKenzie,10,FH,True,,0,80,290598,espn
2017,British & Irish Lions,2017-06-17,New Zealand Maori,British and Irish Lions,New Zealand Maori,Tawera Kerr-Barlow,9,SH,True,,0,80,290598,espn
2017,British & Irish Lions,2017-06-17,New Zealand Maori,British and Irish Lions,New Zealand Maori,Kane Hames,1,P,True,,0,80,290598,espn
2017,British & Irish Lions,2017-06-17,New Zealand Maori,British and Irish Lions,New Zealand Maori,Ash Dixon,2,H,True,,0,80,290598,espn
2017,British & Irish Lions,2017-06-17,New Zealand Maori,British and Irish Lions,New Zealand Maori,Ben May,3,P,True,,0,80,290598,espn
2017,British & Irish Lions,2017-06-17,New Zealand Maori,British and Irish Lions,New Zealand Maori,Joseph Wheeler,4,L,True,,0,80,290598,espn
2017,British & Irish Lions,2017-06-17,New Zealand Maori,British and Irish Lions,New Zealand Maori,Tom Franklin,5,L,True,,0,80,290598,espn
2017,British & Irish Lions,2017-06-17,New Zealand Maori,British and Irish Lions,New Zealand Maori,Akira Ioane,6,FL,True,,0,80,290598,espn
2017,British & Irish Lions,2017-06-17,New Zealand Maori,British and Irish Lions,New Zealand Maori,Elliot Dixon,7,FL,True,,0,80,290598,espn
2017,British & Irish Lions,2017-06-17,New Zealand Maori,British and Irish Lions,New Zealand Maori,Liam Messam,8,N8,True,,0,80,290598,espn
2017,British & Irish Lions,2017-06-17,New Zealand Maori,British and Irish Lions,New Zealand Maori,Hikawera Elliot,16,R,False,,70,10,290598,espn
2017,British & Irish Lions,2017-06-17,New Zealand Maori,British and Irish Lions,New Zealand Maori,Chris Eves,17,R,False,,62,18,290598,espn
2017,British & Irish Lions,2017-06-17,New Zealand Maori,British and Irish Lions,New Zealand Maori,Marcel Renata,18,R,False,,70,10,290598,espn
2017,British & Irish Lions,2017-06-17,New Zealand Maori,British and Irish Lions,New Zealand Maori,Leighton Price,19,R,False,,70,10,290598,espn
2017,British & Irish Lions,2017-06-17,New Zealand Maori,British and Irish Lions,New Zealand Maori,Kara Pryor,20,R,False,,72,8,290598,espn
2017,British & Irish Lions,2017-06-17,New Zealand Maori,British and Irish Lions,New Zealand Maori,Bryn Hall,21,R,False,,74,6,290598,espn
2017,British & Irish Lions,2017-06-17,New Zealand Maori,British and Irish Lions,New Zealand Maori,Ihaia West,22,R,False,,67,13,290598,espn
2017,British & Irish Lions,2017-06-17,New Zealand Maori,British and Irish Lions,New Zealand Maori,Rob Thompson,23,R,False,,54,26,290598,espn
2017,British & Irish Lions,2017-06-17,New Zealand Maori,British and Irish Lions,British and Irish Lions,Leigh Halfpenny,15,FB,True,,0,80,290598,espn
2017,British & Irish Lions,2017-06-17,New Zealand Maori,British and Irish Lions,British and Irish Lions,Anthony Watson,14,W,True,,0,80,290598,espn
2017,British & Irish Lions,2017-06-17,New Zealand Maori,British and Irish Lions,British and Irish Lions,Jonathan Davies,13,C,True,,0,80,290598,espn
2017,British & Irish Lions,2017-06-17,New Zealand Maori,British and Irish Lions,British and Irish Lions,Ben Te'o,12,C,True,,0,80,290598,espn
2017,British & Irish Lions,2017-06-17,New Zealand Maori,British and Irish Lions,British and Irish Lions,George North,11,W,True,,0,80,290598,espn
2017,British & Irish Lions,2017-06-17,New Zealand Maori,British and Irish Lions,British and Irish Lions,Johnny Sexton,10,FH,True,,0,80,290598,espn
2017,British & Irish Lions,2017-06-17,New Zealand Maori,British and Irish Lions,British and Irish Lions,Conor Murray,9,SH,True,,0,80,290598,espn
2017,British & Irish Lions,2017-06-17,New Zealand Maori,British and Irish Lions,British and Irish Lions,Mako Vunipola,1,P,True,,0,80,290598,espn
2017,British & Irish Lions,2017-06-17,New Zealand Maori,British and Irish Lions,British and Irish Lions,Jamie George,2,H,True,,0,80,290598,espn
2017,British & Irish Lions,2017-06-17,New Zealand Maori,British and Irish Lions,British and Irish Lions,Tadhg Furlong,3,P,True,,0,80,290598,espn
2017,British & Irish Lions,2017-06-17,New Zealand Maori,British and Irish Lions,British and Irish Lions,Maro Itoje,4,L,True,,0,80,290598,espn
2017,British & Irish Lions,2017-06-17,New Zealand Maori,British and Irish Lions,British and Irish Lions,George Kruis,5,L,True,,0,80,290598,espn
2017,British & Irish Lions,2017-06-17,New Zealand Maori,British and Irish Lions,British and Irish Lions,Peter O'Mahony,6,FL,True,,0,80,290598,espn
2017,British & Irish Lions,2017-06-17,New Zealand Maori,British and Irish Lions,British and Irish Lions,Sean O'Brien,7,FL,True,,0,80,290598,espn
2017,British & Irish Lions,2017-06-17,New Zealand Maori,British and Irish Lions,British and Irish Lions,Taulupe Faletau,8,N8,True,,0,80,290598,espn
2017,British & Irish Lions,2017-06-17,New Zealand Maori,British and Irish Lions,British and Irish Lions,Ken Owens,16,R,False,,65,15,290598,espn
2017,British & Irish Lions,2017-06-17,New Zealand Maori,British and Irish Lions,British and Irish Lions,Jack McGrath,17,R,False,,60,20,290598,espn
2017,British & Irish Lions,2017-06-17,New Zealand Maori,British and Irish Lions,British and Irish Lions,Kyle Sinckler,18,R,False,,65,15,290598,espn
2017,British & Irish Lions,2017-06-17,New Zealand Maori,British and Irish Lions,British and Irish Lions,Iain Henderson,19,R,False,,60,20,290598,espn
2017,British & Irish Lions,2017-06-17,New Zealand Maori,British and Irish Lions,British and Irish Lions,Sam Warburton,20,R,False,,64,16,290598,espn
2017,British & Irish Lions,2017-06-17,New Zealand Maori,British and Irish Lions,British and Irish Lions,Greig Laidlaw,21,R,False,,67,13,290598,espn
2017,British & Irish Lions,2017-06-17,New Zealand Maori,British and Irish Lions,British and Irish Lions,Dan Biggar,22,R,False,,67,13,290598,espn
2017,British & Irish Lions,2017-06-17,New Zealand Maori,British and Irish Lions,British and Irish Lions,Elliot Daly,23,R,False,,64,16,290598,espn
2017,British & Irish Lions,2017-06-20,Chiefs,British and Irish Lions,Chiefs,Shaun Stevenson,15,FB,True,,0,80,290599,espn
2017,British & Irish Lions,2017-06-20,Chiefs,British and Irish Lions,Chiefs,Toni Pulu,14,W,True,,0,80,290599,espn
2017,British & Irish Lions,2017-06-20,Chiefs,British and Irish Lions,Chiefs,Tim Nanai-Williams,13,C,True,,0,80,290599,espn
2017,British & Irish Lions,2017-06-20,Chiefs,British and Irish Lions,Chiefs,Jonathan Faauli,12,C,True,,0,80,290599,espn
2017,British & Irish Lions,2017-06-20,Chiefs,British and Irish Lions,Chiefs,Solomon Alaimalo,11,W,True,,0,80,290599,espn
2017,British & Irish Lions,2017-06-20,Chiefs,British and Irish Lions,Chiefs,Stephen Donald,10,FH,True,,0,80,290599,espn
2017,British & Irish Lions,2017-06-20,Chiefs,British and Irish Lions,Chiefs,Finlay Christie,9,SH,True,,0,80,290599,espn
2017,British & Irish Lions,2017-06-20,Chiefs,British and Irish Lions,Chiefs,Siegfried Fisi'ihoi,1,P,True,,0,80,290599,espn
2017,British & Irish Lions,2017-06-20,Chiefs,British and Irish Lions,Chiefs,Liam Polwart,2,H,True,,0,80,290599,espn
2017,British & Irish Lions,2017-06-20,Chiefs,British and Irish Lions,Chiefs,Nepo Laulala,3,P,True,,0,80,290599,espn
2017,British & Irish Lions,2017-06-20,Chiefs,British and Irish Lions,Chiefs,Dominic Bird,4,L,True,,0,80,290599,espn
2017,British & Irish Lions,2017-06-20,Chiefs,British and Irish Lions,Chiefs,Michael Allardice,5,L,True,,0,80,290599,espn
2017,British & Irish Lions,2017-06-20,Chiefs,British and Irish Lions,Chiefs,Mitchell Brown,6,FL,True,,0,80,290599,espn
2017,British & Irish Lions,2017-06-20,Chiefs,British and Irish Lions,Chiefs,Lachlan Boshier,7,FL,True,,0,80,290599,espn
2017,British & Irish Lions,2017-06-20,Chiefs,British and Irish Lions,Chiefs,Tom Sanders,8,N8,True,,0,80,290599,espn
2017,British & Irish Lions,2017-06-20,Chiefs,British and Irish Lions,Chiefs,Hikawera Elliot,16,R,False,,60,20,290599,espn
2017,British & Irish Lions,2017-06-20,Chiefs,British and Irish Lions,Chiefs,Aidan Ross,17,R,False,,65,15,290599,espn
2017,British & Irish Lions,2017-06-20,Chiefs,British and Irish Lions,Chiefs,Atu Moli,18,R,False,,65,15,290599,espn
2017,British & Irish Lions,2017-06-20,Chiefs,British and Irish Lions,Chiefs,Liam Messam,19,R,False,,55,25,290599,espn
2017,British & Irish Lions,2017-06-20,Chiefs,British and Irish Lions,Chiefs,Mitchell Karpik,20,R,False,,65,15,290599,espn
2017,British & Irish Lions,2017-06-20,Chiefs,British and Irish Lions,Chiefs,Jonathan Taumateine,21,R,False,,58,22,290599,espn
2017,British & Irish Lions,2017-06-20,Chiefs,British and Irish Lions,Chiefs,Luteru Laulala,22,R,False,,66,14,290599,espn
2017,British & Irish Lions,2017-06-20,Chiefs,British and Irish Lions,Chiefs,Chase Tiatia,23,R,False,,13,67,290599,espn
2017,British & Irish Lions,2017-06-20,Chiefs,British and Irish Lions,British and Irish Lions,Liam Williams,15,FB,True,,0,80,290599,espn
2017,British & Irish Lions,2017-06-20,Chiefs,British and Irish Lions,British and Irish Lions,Jack Nowell,14,W,True,,0,80,290599,espn
2017,British & Irish Lions,2017-06-20,Chiefs,British and Irish Lions,British and Irish Lions,Jared Payne,13,C,True,,0,80,290599,espn
2017,British & Irish Lions,2017-06-20,Chiefs,British and Irish Lions,British and Irish Lions,Robbie Henshaw,12,C,True,,0,80,290599,espn
2017,British & Irish Lions,2017-06-20,Chiefs,British and Irish Lions,British and Irish Lions,Elliot Daly,11,W,True,,0,80,290599,espn
2017,British & Irish Lions,2017-06-20,Chiefs,British and Irish Lions,British and Irish Lions,Dan Biggar,10,FH,True,,0,80,290599,espn
2017,British & Irish Lions,2017-06-20,Chiefs,British and Irish Lions,British and Irish Lions,Greig Laidlaw,9,SH,True,,0,80,290599,espn
2017,British & Irish Lions,2017-06-20,Chiefs,British and Irish Lions,British and Irish Lions,Joe Marler,1,P,True,,0,80,290599,espn
2017,British & Irish Lions,2017-06-20,Chiefs,British and Irish Lions,British and Irish Lions,Rory Best,2,H,True,,0,80,290599,espn
2017,British & Irish Lions,2017-06-20,Chiefs,British and Irish Lions,British and Irish Lions,Dan Cole,3,P,True,,0,80,290599,espn
2017,British & Irish Lions,2017-06-20,Chiefs,British and Irish Lions,British and Irish Lions,Iain Henderson,4,L,True,,0,80,290599,espn
2017,British & Irish Lions,2017-06-20,Chiefs,British and Irish Lions,British and Irish Lions,Courtney Lawes,5,L,True,,0,80,290599,espn
2017,British & Irish Lions,2017-06-20,Chiefs,British and Irish Lions,British and Irish Lions,James Haskell,6,FL,True,,0,80,290599,espn
2017,British & Irish Lions,2017-06-20,Chiefs,British and Irish Lions,British and Irish Lions,Justin Tipuric,7,FL,True,,0,80,290599,espn
2017,British & Irish Lions,2017-06-20,Chiefs,British and Irish Lions,British and Irish Lions,CJ Stander,8,N8,True,,0,80,290599,espn
2017,British & Irish Lions,2017-06-20,Chiefs,British and Irish Lions,British and Irish Lions,Kristian Dacey,16,R,False,,,0,290599,espn
2017,British & Irish Lions,2017-06-20,Chiefs,British and Irish Lions,British and Irish Lions,Allan Dell,17,R,False,,14,66,290599,espn
2017,British & Irish Lions,2017-06-20,Chiefs,British and Irish Lions,British and Irish Lions,Tomas Francis,18,R,False,,,0,290599,espn
2017,British & Irish Lions,2017-06-20,Chiefs,British and Irish Lions,British and Irish Lions,Cory Hill,19,R,False,,,0,290599,espn
2017,British & Irish Lions,2017-06-20,Chiefs,British and Irish Lions,British and Irish Lions,Alun Wyn Jones,20,R,False,,52,28,290599,espn
2017,British & Irish Lions,2017-06-20,Chiefs,British and Irish Lions,British and Irish Lions,Gareth Davies,21,R,False,,,0,290599,espn
2017,British & Irish Lions,2017-06-20,Chiefs,British and Irish Lions,British and Irish Lions,Finn Russell,22,R,False,,,0,290599,espn
2017,British & Irish Lions,2017-06-20,Chiefs,British and Irish Lions,British and Irish Lions,Tommy Seymour,23,R,False,,60,20,290599,espn
2017,British & Irish Lions,2017-06-24,New Zealand,British and Irish Lions,New Zealand,Ben Smith,15,FB,True,,0,80,290600,espn
2017,British & Irish Lions,2017-06-24,New Zealand,British and Irish Lions,New Zealand,Israel Dagg,14,W,True,,0,80,290600,espn
2017,British & Irish Lions,2017-06-24,New Zealand,British and Irish Lions,New Zealand,Ryan Crotty,13,C,True,,0,80,290600,espn
2017,British & Irish Lions,2017-06-24,New Zealand,British and Irish Lions,New Zealand,Sonny Bill Williams,12,C,True,,0,80,290600,espn
2017,British & Irish Lions,2017-06-24,New Zealand,British and Irish Lions,New Zealand,Rieko Ioane,11,W,True,,0,80,290600,espn
2017,British & Irish Lions,2017-06-24,New Zealand,British and Irish Lions,New Zealand,Beauden Barrett,10,FH,True,,0,80,290600,espn
2017,British & Irish Lions,2017-06-24,New Zealand,British and Irish Lions,New Zealand,Aaron Smith,9,SH,True,,0,80,290600,espn
2017,British & Irish Lions,2017-06-24,New Zealand,British and Irish Lions,New Zealand,Joe Moody,1,P,True,,0,80,290600,espn
2017,British & Irish Lions,2017-06-24,New Zealand,British and Irish Lions,New Zealand,Codie Taylor,2,H,True,,0,80,290600,espn
2017,British & Irish Lions,2017-06-24,New Zealand,British and Irish Lions,New Zealand,Owen Franks,3,P,True,,0,80,290600,espn
2017,British & Irish Lions,2017-06-24,New Zealand,British and Irish Lions,New Zealand,Brodie Retallick,4,L,True,,0,80,290600,espn
2017,British & Irish Lions,2017-06-24,New Zealand,British and Irish Lions,New Zealand,Sam Whitelock,5,L,True,,0,80,290600,espn
2017,British & Irish Lions,2017-06-24,New Zealand,British and Irish Lions,New Zealand,Jerome Kaino,6,FL,True,,0,80,290600,espn
2017,British & Irish Lions,2017-06-24,New Zealand,British and Irish Lions,New Zealand,Sam Cane,7,FL,True,,0,80,290600,espn
2017,British & Irish Lions,2017-06-24,New Zealand,British and Irish Lions,New Zealand,Kieran Read,8,N8,True,,0,80,290600,espn
2017,British & Irish Lions,2017-06-24,New Zealand,British and Irish Lions,New Zealand,Nathan Harris,16,R,False,,67,13,290600,espn
2017,British & Irish Lions,2017-06-24,New Zealand,British and Irish Lions,New Zealand,Wyatt Crockett,17,R,False,,54,26,290600,espn
2017,British & Irish Lions,2017-06-24,New Zealand,British and Irish Lions,New Zealand,Charlie Faumuina,18,R,False,,54,26,290600,espn
2017,British & Irish Lions,2017-06-24,New Zealand,British and Irish Lions,New Zealand,Scott Barrett,19,R,False,,77,3,290600,espn
2017,British & Irish Lions,2017-06-24,New Zealand,British and Irish Lions,New Zealand,Ardie Savea,20,R,False,,47,33,290600,espn
2017,British & Irish Lions,2017-06-24,New Zealand,British and Irish Lions,New Zealand,TJ Perenara,21,R,False,,56,24,290600,espn
2017,British & Irish Lions,2017-06-24,New Zealand,British and Irish Lions,New Zealand,Aaron Cruden,22,R,False,,27,53,290600,espn
2017,British & Irish Lions,2017-06-24,New Zealand,British and Irish Lions,New Zealand,Anton Lienert-Brown,23,R,False,,34,46,290600,espn
2017,British & Irish Lions,2017-06-24,New Zealand,British and Irish Lions,British and Irish Lions,Liam Williams,15,FB,True,,0,80,290600,espn
2017,British & Irish Lions,2017-06-24,New Zealand,British and Irish Lions,British and Irish Lions,Anthony Watson,14,W,True,,0,80,290600,espn
2017,British & Irish Lions,2017-06-24,New Zealand,British and Irish Lions,British and Irish Lions,Jonathan Davies,13,C,True,,0,80,290600,espn
2017,British & Irish Lions,2017-06-24,New Zealand,British and Irish Lions,British and Irish Lions,Ben Te'o,12,C,True,,0,80,290600,espn
2017,British & Irish Lions,2017-06-24,New Zealand,British and Irish Lions,British and Irish Lions,Elliot Daly,11,W,True,,0,80,290600,espn
2017,British & Irish Lions,2017-06-24,New Zealand,British and Irish Lions,British and Irish Lions,Owen Farrell,10,FH,True,,0,80,290600,espn
2017,British & Irish Lions,2017-06-24,New Zealand,British and Irish Lions,British and Irish Lions,Conor Murray,9,SH,True,,0,80,290600,espn
2017,British & Irish Lions,2017-06-24,New Zealand,British and Irish Lions,British and Irish Lions,Mako Vunipola,1,P,True,,0,80,290600,espn
2017,British & Irish Lions,2017-06-24,New Zealand,British and Irish Lions,British and Irish Lions,Jamie George,2,H,True,,0,80,290600,espn
2017,British & Irish Lions,2017-06-24,New Zealand,British and Irish Lions,British and Irish Lions,Tadhg Furlong,3,P,True,,0,80,290600,espn
2017,British & Irish Lions,2017-06-24,New Zealand,British and Irish Lions,British and Irish Lions,Alun Wyn Jones,4,L,True,,0,80,290600,espn
2017,British & Irish Lions,2017-06-24,New Zealand,British and Irish Lions,British and Irish Lions,George Kruis,5,L,True,,0,80,290600,espn
2017,British & Irish Lions,2017-06-24,New Zealand,British and Irish Lions,British and Irish Lions,Peter O'Mahony,6,FL,True,,0,80,290600,espn
2017,British & Irish Lions,2017-06-24,New Zealand,British and Irish Lions,British and Irish Lions,Sean O'Brien,7,FL,True,,0,80,290600,espn
2017,British & Irish Lions,2017-06-24,New Zealand,British and Irish Lions,British and Irish Lions,Taulupe Faletau,8,N8,True,,0,80,290600,espn
2017,British & Irish Lions,2017-06-24,New Zealand,British and Irish Lions,British and Irish Lions,Ken Owens,16,R,False,,68,12,290600,espn
2017,British & Irish Lions,2017-06-24,New Zealand,British and Irish Lions,British and Irish Lions,Jack McGrath,17,R,False,,52,28,290600,espn
2017,British & Irish Lions,2017-06-24,New Zealand,British and Irish Lions,British and Irish Lions,Kyle Sinckler,18,R,False,,59,21,290600,espn
2017,British & Irish Lions,2017-06-24,New Zealand,British and Irish Lions,British and Irish Lions,Maro Itoje,19,R,False,,48,32,290600,espn
2017,British & Irish Lions,2017-06-24,New Zealand,British and Irish Lions,British and Irish Lions,Sam Warburton,20,R,False,,54,26,290600,espn
2017,British & Irish Lions,2017-06-24,New Zealand,British and Irish Lions,British and Irish Lions,Rhys Webb,21,R,False,,68,12,290600,espn
2017,British & Irish Lions,2017-06-24,New Zealand,British and Irish Lions,British and Irish Lions,Johnny Sexton,22,R,False,,57,23,290600,espn
2017,British & Irish Lions,2017-06-24,New Zealand,British and Irish Lions,British and Irish Lions,Leigh Halfpenny,23,R,False,,72,8,290600,espn
2017,British & Irish Lions,2017-06-27,Hurricanes,British and Irish Lions,Hurricanes,Jordie Barrett,15,FB,True,,0,80,290601,espn
2017,British & Irish Lions,2017-06-27,Hurricanes,British and Irish Lions,Hurricanes,Nehe Milner-Skudder,14,W,True,,0,80,290601,espn
2017,British & Irish Lions,2017-06-27,Hurricanes,British and Irish Lions,Hurricanes,Vince Aso,13,C,True,,0,80,290601,espn
2017,British & Irish Lions,2017-06-27,Hurricanes,British and Irish Lions,Hurricanes,Ngani Laumape,12,C,True,,0,80,290601,espn
2017,British & Irish Lions,2017-06-27,Hurricanes,British and Irish Lions,Hurricanes,Julian Savea,11,W,True,,0,80,290601,espn
2017,British & Irish Lions,2017-06-27,Hurricanes,British and Irish Lions,Hurricanes,Otere Black,10,FH,True,,0,80,290601,espn
2017,British & Irish Lions,2017-06-27,Hurricanes,British and Irish Lions,Hurricanes,Te Toiroa Tahuriorangi,9,SH,True,,0,80,290601,espn
2017,British & Irish Lions,2017-06-27,Hurricanes,British and Irish Lions,Hurricanes,Ben May,1,P,True,,0,80,290601,espn
2017,British & Irish Lions,2017-06-27,Hurricanes,British and Irish Lions,Hurricanes,Ricky Riccitelli,2,H,True,,0,80,290601,espn
2017,British & Irish Lions,2017-06-27,Hurricanes,British and Irish Lions,Hurricanes,Jeff Toomaga-Allen,3,P,True,,0,80,290601,espn
2017,British & Irish Lions,2017-06-27,Hurricanes,British and Irish Lions,Hurricanes,Mark Abbott,4,L,True,,0,80,290601,espn
2017,British & Irish Lions,2017-06-27,Hurricanes,British and Irish Lions,Hurricanes,Sam Lousi,5,L,True,,0,80,290601,espn
2017,British & Irish Lions,2017-06-27,Hurricanes,British and Irish Lions,Hurricanes,Vaea Fifita,6,FL,True,,0,80,290601,espn
2017,British & Irish Lions,2017-06-27,Hurricanes,British and Irish Lions,Hurricanes,Callum Gibbins,7,FL,True,,0,80,290601,espn
2017,British & Irish Lions,2017-06-27,Hurricanes,British and Irish Lions,Hurricanes,Brad Shields,8,N8,True,,0,80,290601,espn
2017,British & Irish Lions,2017-06-27,Hurricanes,British and Irish Lions,Hurricanes,Leni Apisai,16,R,False,,62,18,290601,espn
2017,British & Irish Lions,2017-06-27,Hurricanes,British and Irish Lions,Hurricanes,Chris Eves,17,R,False,,56,24,290601,espn
2017,British & Irish Lions,2017-06-27,Hurricanes,British and Irish Lions,Hurricanes,Michael Kainga,18,R,False,,,0,290601,espn
2017,British & Irish Lions,2017-06-27,Hurricanes,British and Irish Lions,Hurricanes,James Blackwell,19,R,False,,,0,290601,espn
2017,British & Irish Lions,2017-06-27,Hurricanes,British and Irish Lions,Hurricanes,Reed Prinsep,20,R,False,,56,24,290601,espn
2017,British & Irish Lions,2017-06-27,Hurricanes,British and Irish Lions,Hurricanes,Kemara Hauiti-Parapara,21,R,False,,69,11,290601,espn
2017,British & Irish Lions,2017-06-27,Hurricanes,British and Irish Lions,Hurricanes,Wes Goosen,22,R,False,,62,18,290601,espn
2017,British & Irish Lions,2017-06-27,Hurricanes,British and Irish Lions,Hurricanes,Cory Jane,23,R,False,,69,11,290601,espn
2017,British & Irish Lions,2017-06-27,Hurricanes,British and Irish Lions,British and Irish Lions,Jack Nowell,15,FB,True,,0,80,290601,espn
2017,British & Irish Lions,2017-06-27,Hurricanes,British and Irish Lions,British and Irish Lions,Tommy Seymour,14,W,True,,0,80,290601,espn
2017,British & Irish Lions,2017-06-27,Hurricanes,British and Irish Lions,British and Irish Lions,Jonathan Joseph,13,C,True,,0,80,290601,espn
2017,British & Irish Lions,2017-06-27,Hurricanes,British and Irish Lions,British and Irish Lions,Robbie Henshaw,12,C,True,,0,80,290601,espn
2017,British & Irish Lions,2017-06-27,Hurricanes,British and Irish Lions,British and Irish Lions,George North,11,W,True,,0,80,290601,espn
2017,British & Irish Lions,2017-06-27,Hurricanes,British and Irish Lions,British and Irish Lions,Dan Biggar,10,FH,True,,0,80,290601,espn
2017,British & Irish Lions,2017-06-27,Hurricanes,British and Irish Lions,British and Irish Lions,Greig Laidlaw,9,SH,True,,0,80,290601,espn
2017,British & Irish Lions,2017-06-27,Hurricanes,British and Irish Lions,British and Irish Lions,Joe Marler,1,P,True,,0,80,290601,espn
2017,British & Irish Lions,2017-06-27,Hurricanes,British and Irish Lions,British and Irish Lions,Rory Best,2,H,True,,0,80,290601,espn
2017,British & Irish Lions,2017-06-27,Hurricanes,British and Irish Lions,British and Irish Lions,Dan Cole,3,P,True,,0,80,290601,espn
2017,British & Irish Lions,2017-06-27,Hurricanes,British and Irish Lions,British and Irish Lions,Iain Henderson,4,L,True,,0,80,290601,espn
2017,British & Irish Lions,2017-06-27,Hurricanes,British and Irish Lions,British and Irish Lions,Courtney Lawes,5,L,True,,0,80,290601,espn
2017,British & Irish Lions,2017-06-27,Hurricanes,British and Irish Lions,British and Irish Lions,James Haskell,6,FL,True,,0,80,290601,espn
2017,British & Irish Lions,2017-06-27,Hurricanes,British and Irish Lions,British and Irish Lions,Justin Tipuric,7,FL,True,,0,80,290601,espn
2017,British & Irish Lions,2017-06-27,Hurricanes,British and Irish Lions,British and Irish Lions,CJ Stander,8,N8,True,,0,80,290601,espn
2017,British & Irish Lions,2017-06-27,Hurricanes,British and Irish Lions,British and Irish Lions,Kristian Dacey,16,R,False,,,0,290601,espn
2017,British & Irish Lions,2017-06-27,Hurricanes,British and Irish Lions,British and Irish Lions,Allan Dell,17,R,False,,,0,290601,espn
2017,British & Irish Lions,2017-06-27,Hurricanes,British and Irish Lions,British and Irish Lions,Tomas Francis,18,R,False,,,0,290601,espn
2017,British & Irish Lions,2017-06-27,Hurricanes,British and Irish Lions,British and Irish Lions,Cory Hill,19,R,False,,,0,290601,espn
2017,British & Irish Lions,2017-06-27,Hurricanes,British and Irish Lions,British and Irish Lions,George Kruis,20,R,False,,54,26,290601,espn
2017,British & Irish Lions,2017-06-27,Hurricanes,British and Irish Lions,British and Irish Lions,Gareth Davies,21,R,False,,,0,290601,espn
2017,British & Irish Lions,2017-06-27,Hurricanes,British and Irish Lions,British and Irish Lions,Finn Russell,22,R,False,,43,37,290601,espn
2017,British & Irish Lions,2017-06-27,Hurricanes,British and Irish Lions,British and Irish Lions,Leigh Halfpenny,23,R,False,,19,61,290601,espn
2017,British & Irish Lions,2017-07-01,New Zealand,British and Irish Lions,New Zealand,Israel Dagg,15,FB,True,,0,80,290602,espn
2017,British & Irish Lions,2017-07-01,New Zealand,British and Irish Lions,New Zealand,Waisake Naholo,14,W,True,,0,80,290602,espn
2017,British & Irish Lions,2017-07-01,New Zealand,British and Irish Lions,New Zealand,Anton Lienert-Brown,13,C,True,,0,80,290602,espn
2017,British & Irish Lions,2017-07-01,New Zealand,British and Irish Lions,New Zealand,Sonny Bill Williams,12,C,True,,0,80,290602,espn
2017,British & Irish Lions,2017-07-01,New Zealand,British and Irish Lions,New Zealand,Rieko Ioane,11,W,True,,0,80,290602,espn
2017,British & Irish Lions,2017-07-01,New Zealand,British and Irish Lions,New Zealand,Beauden Barrett,10,FH,True,,0,80,290602,espn
2017,British & Irish Lions,2017-07-01,New Zealand,British and Irish Lions,New Zealand,Aaron Smith,9,SH,True,,0,80,290602,espn
2017,British & Irish Lions,2017-07-01,New Zealand,British and Irish Lions,New Zealand,Joe Moody,1,P,True,,0,80,290602,espn
2017,British & Irish Lions,2017-07-01,New Zealand,British and Irish Lions,New Zealand,Codie Taylor,2,H,True,,0,80,290602,espn
2017,British & Irish Lions,2017-07-01,New Zealand,British and Irish Lions,New Zealand,Owen Franks,3,P,True,,0,80,290602,espn
2017,British & Irish Lions,2017-07-01,New Zealand,British and Irish Lions,New Zealand,Brodie Retallick,4,L,True,,0,80,290602,espn
2017,British & Irish Lions,2017-07-01,New Zealand,British and Irish Lions,New Zealand,Sam Whitelock,5,L,True,,0,80,290602,espn
2017,British & Irish Lions,2017-07-01,New Zealand,British and Irish Lions,New Zealand,Jerome Kaino,6,FL,True,,0,80,290602,espn
2017,British & Irish Lions,2017-07-01,New Zealand,British and Irish Lions,New Zealand,Sam Cane,7,FL,True,,0,80,290602,espn
2017,British & Irish Lions,2017-07-01,New Zealand,British and Irish Lions,New Zealand,Kieran Read,8,N8,True,,0,80,290602,espn
2017,British & Irish Lions,2017-07-01,New Zealand,British and Irish Lions,New Zealand,Nathan Harris,16,R,False,,80,0,290602,espn
2017,British & Irish Lions,2017-07-01,New Zealand,British and Irish Lions,New Zealand,Wyatt Crockett,17,R,False,,53,27,290602,espn
2017,British & Irish Lions,2017-07-01,New Zealand,British and Irish Lions,New Zealand,Charlie Faumuina,18,R,False,,53,27,290602,espn
2017,British & Irish Lions,2017-07-01,New Zealand,British and Irish Lions,New Zealand,Scott Barrett,19,R,False,,73,7,290602,espn
2017,British & Irish Lions,2017-07-01,New Zealand,British and Irish Lions,New Zealand,Ardie Savea,20,R,False,,64,16,290602,espn
2017,British & Irish Lions,2017-07-01,New Zealand,British and Irish Lions,New Zealand,TJ Perenara,21,R,False,,66,14,290602,espn
2017,British & Irish Lions,2017-07-01,New Zealand,British and Irish Lions,New Zealand,Aaron Cruden,22,R,False,,60,20,290602,espn
2017,British & Irish Lions,2017-07-01,New Zealand,British and Irish Lions,New Zealand,Ngani Laumape,23,R,False,,27,53,290602,espn
2017,British & Irish Lions,2017-07-01,New Zealand,British and Irish Lions,British and Irish Lions,Liam Williams,15,FB,True,,0,80,290602,espn
2017,British & Irish Lions,2017-07-01,New Zealand,British and Irish Lions,British and Irish Lions,Anthony Watson,14,W,True,,0,80,290602,espn
2017,British & Irish Lions,2017-07-01,New Zealand,British and Irish Lions,British and Irish Lions,Jonathan Davies,13,C,True,,0,80,290602,espn
2017,British & Irish Lions,2017-07-01,New Zealand,British and Irish Lions,British and Irish Lions,Owen Farrell,12,C,True,,0,80,290602,espn
2017,British & Irish Lions,2017-07-01,New Zealand,British and Irish Lions,British and Irish Lions,Elliot Daly,11,W,True,,0,80,290602,espn
2017,British & Irish Lions,2017-07-01,New Zealand,British and Irish Lions,British and Irish Lions,Johnny Sexton,10,FH,True,,0,80,290602,espn
2017,British & Irish Lions,2017-07-01,New Zealand,British and Irish Lions,British and Irish Lions,Conor Murray,9,SH,True,,0,80,290602,espn
2017,British & Irish Lions,2017-07-01,New Zealand,British and Irish Lions,British and Irish Lions,Mako Vunipola,1,P,True,,0,80,290602,espn
2017,British & Irish Lions,2017-07-01,New Zealand,British and Irish Lions,British and Irish Lions,Jamie George,2,H,True,,0,80,290602,espn
2017,British & Irish Lions,2017-07-01,New Zealand,British and Irish Lions,British and Irish Lions,Tadhg Furlong,3,P,True,,0,80,290602,espn
2017,British & Irish Lions,2017-07-01,New Zealand,British and Irish Lions,British and Irish Lions,Maro Itoje,4,L,True,,0,80,290602,espn
2017,British & Irish Lions,2017-07-01,New Zealand,British and Irish Lions,British and Irish Lions,Alun Wyn Jones,5,L,True,,0,80,290602,espn
2017,British & Irish Lions,2017-07-01,New Zealand,British and Irish Lions,British and Irish Lions,Sam Warburton,6,FL,True,,0,80,290602,espn
2017,British & Irish Lions,2017-07-01,New Zealand,British and Irish Lions,British and Irish Lions,Sean O'Brien,7,FL,True,,0,80,290602,espn
2017,British & Irish Lions,2017-07-01,New Zealand,British and Irish Lions,British and Irish Lions,Taulupe Faletau,8,N8,True,,0,80,290602,espn
2017,British & Irish Lions,2017-07-01,New Zealand,British and Irish Lions,British and Irish Lions,Ken Owens,16,R,False,,,0,290602,espn
2017,British & Irish Lions,2017-07-01,New Zealand,British and Irish Lions,British and Irish Lions,Jack McGrath,17,R,False,,64,16,290602,espn
2017,British & Irish Lions,2017-07-01,New Zealand,British and Irish Lions,British and Irish Lions,Kyle Sinckler,18,R,False,,62,18,290602,espn
2017,British & Irish Lions,2017-07-01,New Zealand,British and Irish Lions,British and Irish Lions,Courtney Lawes,19,R,False,,59,21,290602,espn
2017,British & Irish Lions,2017-07-01,New Zealand,British and Irish Lions,British and Irish Lions,CJ Stander,20,R,False,,,0,290602,espn
2017,British & Irish Lions,2017-07-01,New Zealand,British and Irish Lions,British and Irish Lions,Rhys Webb,21,R,False,,,0,290602,espn
2017,British & Irish Lions,2017-07-01,New Zealand,British and Irish Lions,British and Irish Lions,Ben Te'o,22,R,False,,,0,290602,espn
2017,British & Irish Lions,2017-07-01,New Zealand,British and Irish Lions,British and Irish Lions,Jack Nowell,23,R,False,,25,55,290602,espn
2017,British & Irish Lions,2017-07-08,New Zealand,British and Irish Lions,New Zealand,Jordie Barrett,15,FB,True,,0,80,290603,espn
2017,British & Irish Lions,2017-07-08,New Zealand,British and Irish Lions,New Zealand,Israel Dagg,14,W,True,,0,80,290603,espn
2017,British & Irish Lions,2017-07-08,New Zealand,British and Irish Lions,New Zealand,Anton Lienert-Brown,13,C,True,,0,80,290603,espn
2017,British & Irish Lions,2017-07-08,New Zealand,British and Irish Lions,New Zealand,Ngani Laumape,12,C,True,,0,80,290603,espn
2017,British & Irish Lions,2017-07-08,New Zealand,British and Irish Lions,New Zealand,Julian Savea,11,W,True,,0,80,290603,espn
2017,British & Irish Lions,2017-07-08,New Zealand,British and Irish Lions,New Zealand,Beauden Barrett,10,FH,True,,0,80,290603,espn
2017,British & Irish Lions,2017-07-08,New Zealand,British and Irish Lions,New Zealand,Aaron Smith,9,SH,True,,0,80,290603,espn
2017,British & Irish Lions,2017-07-08,New Zealand,British and Irish Lions,New Zealand,Joe Moody,1,P,True,,0,80,290603,espn
2017,British & Irish Lions,2017-07-08,New Zealand,British and Irish Lions,New Zealand,Codie Taylor,2,H,True,,0,80,290603,espn
2017,British & Irish Lions,2017-07-08,New Zealand,British and Irish Lions,New Zealand,Owen Franks,3,P,True,,0,80,290603,espn
2017,British & Irish Lions,2017-07-08,New Zealand,British and Irish Lions,New Zealand,Brodie Retallick,4,L,True,,0,80,290603,espn
2017,British & Irish Lions,2017-07-08,New Zealand,British and Irish Lions,New Zealand,Sam Whitelock,5,L,True,,0,80,290603,espn
2017,British & Irish Lions,2017-07-08,New Zealand,British and Irish Lions,New Zealand,Jerome Kaino,6,FL,True,,0,80,290603,espn
2017,British & Irish Lions,2017-07-08,New Zealand,British and Irish Lions,New Zealand,Sam Cane,7,FL,True,,0,80,290603,espn
2017,British & Irish Lions,2017-07-08,New Zealand,British and Irish Lions,New Zealand,Kieran Read,8,N8,True,,0,80,290603,espn
2017,British & Irish Lions,2017-07-08,New Zealand,British and Irish Lions,New Zealand,Nathan Harris,16,R,False,,73,7,290603,espn
2017,British & Irish Lions,2017-07-08,New Zealand,British and Irish Lions,New Zealand,Wyatt Crockett,17,R,False,,58,22,290603,espn
2017,British & Irish Lions,2017-07-08,New Zealand,British and Irish Lions,New Zealand,Charlie Faumuina,18,R,False,,58,22,290603,espn
2017,British & Irish Lions,2017-07-08,New Zealand,British and Irish Lions,New Zealand,Scott Barrett,19,R,False,,78,2,290603,espn
2017,British & Irish Lions,2017-07-08,New Zealand,British and Irish Lions,New Zealand,Ardie Savea,20,R,False,,60,20,290603,espn
2017,British & Irish Lions,2017-07-08,New Zealand,British and Irish Lions,New Zealand,TJ Perenara,21,R,False,,74,6,290603,espn
2017,British & Irish Lions,2017-07-08,New Zealand,British and Irish Lions,New Zealand,Aaron Cruden,22,R,False,,73,7,290603,espn
2017,British & Irish Lions,2017-07-08,New Zealand,British and Irish Lions,New Zealand,Malakai Fekitoa,23,R,False,,67,13,290603,espn
2017,British & Irish Lions,2017-07-08,New Zealand,British and Irish Lions,British and Irish Lions,Liam Williams,15,FB,True,,0,80,290603,espn
2017,British & Irish Lions,2017-07-08,New Zealand,British and Irish Lions,British and Irish Lions,Anthony Watson,14,W,True,,0,80,290603,espn
2017,British & Irish Lions,2017-07-08,New Zealand,British and Irish Lions,British and Irish Lions,Jonathan Davies,13,C,True,,0,80,290603,espn
2017,British & Irish Lions,2017-07-08,New Zealand,British and Irish Lions,British and Irish Lions,Owen Farrell,12,C,True,,0,80,290603,espn
2017,British & Irish Lions,2017-07-08,New Zealand,British and Irish Lions,British and Irish Lions,Elliot Daly,11,W,True,,0,80,290603,espn
2017,British & Irish Lions,2017-07-08,New Zealand,British and Irish Lions,British and Irish Lions,Johnny Sexton,10,FH,True,,0,80,290603,espn
2017,British & Irish Lions,2017-07-08,New Zealand,British and Irish Lions,British and Irish Lions,Conor Murray,9,SH,True,,0,80,290603,espn
2017,British & Irish Lions,2017-07-08,New Zealand,British and Irish Lions,British and Irish Lions,Mako Vunipola,1,P,True,,0,80,290603,espn
2017,British & Irish Lions,2017-07-08,New Zealand,British and Irish Lions,British and Irish Lions,Jamie George,2,H,True,,0,80,290603,espn
2017,British & Irish Lions,2017-07-08,New Zealand,British and Irish Lions,British and Irish Lions,Tadhg Furlong,3,P,True,,0,80,290603,espn
2017,British & Irish Lions,2017-07-08,New Zealand,British and Irish Lions,British and Irish Lions,Maro Itoje,4,L,True,,0,80,290603,espn
2017,British & Irish Lions,2017-07-08,New Zealand,British and Irish Lions,British and Irish Lions,Alun Wyn Jones,5,L,True,,0,80,290603,espn
2017,British & Irish Lions,2017-07-08,New Zealand,British and Irish Lions,British and Irish Lions,Sam Warburton,6,FL,True,,0,80,290603,espn
2017,British & Irish Lions,2017-07-08,New Zealand,British and Irish Lions,British and Irish Lions,Sean O'Brien,7,FL,True,,0,80,290603,espn
2017,British & Irish Lions,2017-07-08,New Zealand,British and Irish Lions,British and Irish Lions,Taulupe Faletau,8,N8,True,,0,80,290603,espn
2017,British & Irish Lions,2017-07-08,New Zealand,British and Irish Lions,British and Irish Lions,Ken Owens,16,R,False,,70,10,290603,espn
2017,British & Irish Lions,2017-07-08,New Zealand,British and Irish Lions,British and Irish Lions,Jack McGrath,17,R,False,,60,20,290603,espn
2017,British & Irish Lions,2017-07-08,New Zealand,British and Irish Lions,British and Irish Lions,Kyle Sinckler,18,R,False,,60,20,290603,espn
2017,British & Irish Lions,2017-07-08,New Zealand,British and Irish Lions,British and Irish Lions,Courtney Lawes,19,R,False,,50,30,290603,espn
2017,British & Irish Lions,2017-07-08,New Zealand,British and Irish Lions,British and Irish Lions,CJ Stander,20,R,False,,41,39,290603,espn
2017,British & Irish Lions,2017-07-08,New Zealand,British and Irish Lions,British and Irish Lions,Rhys Webb,21,R,False,,70,10,290603,espn
2017,British & Irish Lions,2017-07-08,New Zealand,British and Irish Lions,British and Irish Lions,Ben Te'o,22,R,False,,73,7,290603,espn
2017,British & Irish Lions,2017-07-08,New Zealand,British and Irish Lions,British and Irish Lions,Jack Nowell,23,R,False,,73,7,290603,espn
2021,British & Irish Lions,2021-07-31,South Africa,British and Irish Lions,South Africa,Willie le Roux,15,FB,True,,0,80,593817,espn
2021,British & Irish Lions,2021-07-31,South Africa,British and Irish Lions,South Africa,Cheslin Kolbe,14,W,True,,0,80,593817,espn
2021,British & Irish Lions,2021-07-31,South Africa,British and Irish Lions,South Africa,Lukhanyo Am,13,C,True,,0,80,593817,espn
2021,British & Irish Lions,2021-07-31,South Africa,British and Irish Lions,South Africa,Damian de Allende,12,C,True,,0,80,593817,espn
2021,British & Irish Lions,2021-07-31,South Africa,British and Irish Lions,South Africa,Makazole Mapimpi,11,W,True,,0,80,593817,espn
2021,British & Irish Lions,2021-07-31,South Africa,British and Irish Lions,South Africa,Handre Pollard,10,FH,True,,0,80,593817,espn
2021,British & Irish Lions,2021-07-31,South Africa,British and Irish Lions,South Africa,Faf de Klerk,9,SH,True,,0,80,593817,espn
2021,British & Irish Lions,2021-07-31,South Africa,British and Irish Lions,South Africa,Steven Kitshoff,1,P,True,,0,80,593817,espn
2021,British & Irish Lions,2021-07-31,South Africa,British and Irish Lions,South Africa,Bongi Mbonambi,2,H,True,,0,80,593817,espn
2021,British & Irish Lions,2021-07-31,South Africa,British and Irish Lions,South Africa,Frans Malherbe,3,P,True,,0,80,593817,espn
2021,British & Irish Lions,2021-07-31,South Africa,British and Irish Lions,South Africa,Eben Etzebeth,4,L,True,,0,80,593817,espn
2021,British & Irish Lions,2021-07-31,South Africa,British and Irish Lions,South Africa,Franco Mostert,5,L,True,,0,80,593817,espn
2021,British & Irish Lions,2021-07-31,South Africa,British and Irish Lions,South Africa,Siya Kolisi,6,FL,True,,0,80,593817,espn
2021,British & Irish Lions,2021-07-31,South Africa,British and Irish Lions,South Africa,Pieter-Steph du Toit,7,FL,True,,0,80,593817,espn
2021,British & Irish Lions,2021-07-31,South Africa,British and Irish Lions,South Africa,Jasper Wiese,8,N8,True,,0,80,593817,espn
2021,British & Irish Lions,2021-07-31,South Africa,British and Irish Lions,South Africa,Malcolm Marx,16,R,False,,56,24,593817,espn
2021,British & Irish Lions,2021-07-31,South Africa,British and Irish Lions,South Africa,Trevor Nyakane,17,R,False,,60,20,593817,espn
2021,British & Irish Lions,2021-07-31,South Africa,British and Irish Lions,South Africa,Vincent Koch,18,R,False,,56,24,593817,espn
2021,British & Irish Lions,2021-07-31,South Africa,British and Irish Lions,South Africa,Lood de Jager,19,R,False,,56,24,593817,espn
2021,British & Irish Lions,2021-07-31,South Africa,British and Irish Lions,South Africa,Marco van Staden,20,R,False,,73,7,593817,espn
2021,British & Irish Lions,2021-07-31,South Africa,British and Irish Lions,South Africa,Kwagga Smith,21,R,False,,22,58,593817,espn
2021,British & Irish Lions,2021-07-31,South Africa,British and Irish Lions,South Africa,Herschel Jantjies,22,R,False,,64,16,593817,espn
2021,British & Irish Lions,2021-07-31,South Africa,British and Irish Lions,South Africa,Damian Willemse,23,R,False,,68,12,593817,espn
2021,British & Irish Lions,2021-07-31,South Africa,British and Irish Lions,British and Irish Lions,Stuart Hogg,15,FB,True,,0,80,593817,espn
2021,British & Irish Lions,2021-07-31,South Africa,British and Irish Lions,British and Irish Lions,Anthony Watson,14,W,True,,0,80,593817,espn
2021,British & Irish Lions,2021-07-31,South Africa,British and Irish Lions,British and Irish Lions,Chris Harris,13,C,True,,0,80,593817,espn
2021,British & Irish Lions,2021-07-31,South Africa,British and Irish Lions,British and Irish Lions,Robbie Henshaw,12,C,True,,0,80,593817,espn
2021,British & Irish Lions,2021-07-31,South Africa,British and Irish Lions,British and Irish Lions,Duhan van der Merwe,11,W,True,,0,80,593817,espn
2021,British & Irish Lions,2021-07-31,South Africa,British and Irish Lions,British and Irish Lions,Dan Biggar,10,FH,True,,0,80,593817,espn
2021,British & Irish Lions,2021-07-31,South Africa,British and Irish Lions,British and Irish Lions,Conor Murray,9,SH,True,,0,80,593817,espn
2021,British & Irish Lions,2021-07-31,South Africa,British and Irish Lions,British and Irish Lions,Mako Vunipola,1,P,True,,0,80,593817,espn
2021,British & Irish Lions,2021-07-31,South Africa,British and Irish Lions,British and Irish Lions,Luke Cowan-Dickie,2,H,True,,0,80,593817,espn
2021,British & Irish Lions,2021-07-31,South Africa,British and Irish Lions,British and Irish Lions,Tadhg Furlong,3,P,True,,0,80,593817,espn
2021,British & Irish Lions,2021-07-31,South Africa,British and Irish Lions,British and Irish Lions,Maro Itoje,4,L,True,,0,80,593817,espn
2021,British & Irish Lions,2021-07-31,South Africa,British and Irish Lions,British and Irish Lions,Alun Wyn Jones,5,L,True,,0,80,593817,espn
2021,British & Irish Lions,2021-07-31,South Africa,British and Irish Lions,British and Irish Lions,Courtney Lawes,6,FL,True,,0,80,593817,espn
2021,British & Irish Lions,2021-07-31,South Africa,British and Irish Lions,British and Irish Lions,Tom Curry,7,FL,True,,0,80,593817,espn
2021,British & Irish Lions,2021-07-31,South Africa,British and Irish Lions,British and Irish Lions,Jack Conan,8,N8,True,,0,80,593817,espn
2021,British & Irish Lions,2021-07-31,South Africa,British and Irish Lions,British and Irish Lions,Ken Owens,16,R,False,,56,24,593817,espn
2021,British & Irish Lions,2021-07-31,South Africa,British and Irish Lions,British and Irish Lions,Rory Sutherland,17,R,False,,56,24,593817,espn
2021,British & Irish Lions,2021-07-31,South Africa,British and Irish Lions,British and Irish Lions,Kyle Sinckler,18,R,False,,56,24,593817,espn
2021,British & Irish Lions,2021-07-31,South Africa,British and Irish Lions,British and Irish Lions,Tadhg Beirne,19,R,False,,71,9,593817,espn
2021,British & Irish Lions,2021-07-31,South Africa,British and Irish Lions,British and Irish Lions,Taulupe Faletau,20,R,False,,60,20,593817,espn
2021,British & Irish Lions,2021-07-31,South Africa,British and Irish Lions,British and Irish Lions,Ali Price,21,R,False,,58,22,593817,espn
2021,British & Irish Lions,2021-07-31,South Africa,British and Irish Lions,British and Irish Lions,Owen Farrell,22,R,False,,58,22,593817,espn
2021,British & Irish Lions,2021-07-31,South Africa,British and Irish Lions,British and Irish Lions,Elliot Daly,23,R,False,,62,18,593817,espn
2021,British & Irish Lions,2021-08-07,South Africa,British and Irish Lions,South Africa,Willie le Roux,15,FB,True,,0,80,593818,espn
2021,British & Irish Lions,2021-08-07,South Africa,British and Irish Lions,South Africa,Cheslin Kolbe,14,W,True,,0,80,593818,espn
2021,British & Irish Lions,2021-08-07,South Africa,British and Irish Lions,South Africa,Lukhanyo Am,13,C,True,,0,80,593818,espn
2021,British & Irish Lions,2021-08-07,South Africa,British and Irish Lions,South Africa,Damian de Allende,12,C,True,,0,80,593818,espn
2021,British & Irish Lions,2021-08-07,South Africa,British and Irish Lions,South Africa,Makazole Mapimpi,11,W,True,,0,80,593818,espn
2021,British & Irish Lions,2021-08-07,South Africa,British and Irish Lions,South Africa,Handre Pollard,10,FH,True,,0,80,593818,espn
2021,British & Irish Lions,2021-08-07,South Africa,British and Irish Lions,South Africa,Cobus Reinach,9,SH,True,,0,80,593818,espn
2021,British & Irish Lions,2021-08-07,South Africa,British and Irish Lions,South Africa,Steven Kitshoff,1,P,True,,0,80,593818,espn
2021,British & Irish Lions,2021-08-07,South Africa,British and Irish Lions,South Africa,Bongi Mbonambi,2,H,True,,0,80,593818,espn
2021,British & Irish Lions,2021-08-07,South Africa,British and Irish Lions,South Africa,Frans Malherbe,3,P,True,,0,80,593818,espn
2021,British & Irish Lions,2021-08-07,South Africa,British and Irish Lions,South Africa,Eben Etzebeth,4,L,True,,0,80,593818,espn
2021,British & Irish Lions,2021-08-07,South Africa,British and Irish Lions,South Africa,Lood de Jager,5,L,True,,0,80,593818,espn
2021,British & Irish Lions,2021-08-07,South Africa,British and Irish Lions,South Africa,Siya Kolisi,6,FL,True,,0,80,593818,espn
2021,British & Irish Lions,2021-08-07,South Africa,British and Irish Lions,South Africa,Franco Mostert,7,FL,True,,0,80,593818,espn
2021,British & Irish Lions,2021-08-07,South Africa,British and Irish Lions,South Africa,Jasper Wiese,8,N8,True,,0,80,593818,espn
2021,British & Irish Lions,2021-08-07,South Africa,British and Irish Lions,South Africa,Malcolm Marx,16,R,False,,56,24,593818,espn
2021,British & Irish Lions,2021-08-07,South Africa,British and Irish Lions,South Africa,Trevor Nyakane,17,R,False,,61,19,593818,espn
2021,British & Irish Lions,2021-08-07,South Africa,British and Irish Lions,South Africa,Vincent Koch,18,R,False,,56,24,593818,espn
2021,British & Irish Lions,2021-08-07,South Africa,British and Irish Lions,South Africa,Marco van Staden,19,R,False,,56,24,593818,espn
2021,British & Irish Lions,2021-08-07,South Africa,British and Irish Lions,South Africa,Kwagga Smith,20,R,False,,53,27,593818,espn
2021,British & Irish Lions,2021-08-07,South Africa,British and Irish Lions,South Africa,Herschel Jantjies,21,R,False,,64,16,593818,espn
2021,British & Irish Lions,2021-08-07,South Africa,British and Irish Lions,South Africa,Morne Steyn,22,R,False,,65,15,593818,espn
2021,British & Irish Lions,2021-08-07,South Africa,British and Irish Lions,South Africa,Damian Willemse,23,R,False,,79,1,593818,espn
2021,British & Irish Lions,2021-08-07,South Africa,British and Irish Lions,British and Irish Lions,Liam Williams,15,FB,True,,0,80,593818,espn
2021,British & Irish Lions,2021-08-07,South Africa,British and Irish Lions,British and Irish Lions,Josh Adams,14,W,True,,0,80,593818,espn
2021,British & Irish Lions,2021-08-07,South Africa,British and Irish Lions,British and Irish Lions,Robbie Henshaw,13,C,True,,0,80,593818,espn
2021,British & Irish Lions,2021-08-07,South Africa,British and Irish Lions,British and Irish Lions,Bundee Aki,12,C,True,,0,80,593818,espn
2021,British & Irish Lions,2021-08-07,South Africa,British and Irish Lions,British and Irish Lions,Duhan van der Merwe,11,W,True,,0,80,593818,espn
2021,British & Irish Lions,2021-08-07,South Africa,British and Irish Lions,British and Irish Lions,Dan Biggar,10,FH,True,,0,80,593818,espn
2021,British & Irish Lions,2021-08-07,South Africa,British and Irish Lions,British and Irish Lions,Ali Price,9,SH,True,,0,80,593818,espn
2021,British & Irish Lions,2021-08-07,South Africa,British and Irish Lions,British and Irish Lions,Wyn Jones,1,P,True,,0,80,593818,espn
2021,British & Irish Lions,2021-08-07,South Africa,British and Irish Lions,British and Irish Lions,Ken Owens,2,H,True,,0,80,593818,espn
2021,British & Irish Lions,2021-08-07,South Africa,British and Irish Lions,British and Irish Lions,Tadhg Furlong,3,P,True,,0,80,593818,espn
2021,British & Irish Lions,2021-08-07,South Africa,British and Irish Lions,British and Irish Lions,Maro Itoje,4,L,True,,0,80,593818,espn
2021,British & Irish Lions,2021-08-07,South Africa,British and Irish Lions,British and Irish Lions,Alun Wyn Jones,5,L,True,,0,80,593818,espn
2021,British & Irish Lions,2021-08-07,South Africa,British and Irish Lions,British and Irish Lions,Courtney Lawes,6,FL,True,,0,80,593818,espn
2021,British & Irish Lions,2021-08-07,South Africa,British and Irish Lions,British and Irish Lions,Tom Curry,7,FL,True,,0,80,593818,espn
2021,British & Irish Lions,2021-08-07,South Africa,British and Irish Lions,British and Irish Lions,Jack Conan,8,N8,True,,0,80,593818,espn
2021,British & Irish Lions,2021-08-07,South Africa,British and Irish Lions,British and Irish Lions,Luke Cowan-Dickie,16,R,False,,54,26,593818,espn
2021,British & Irish Lions,2021-08-07,South Africa,British and Irish Lions,British and Irish Lions,Mako Vunipola,17,R,False,,44,36,593818,espn
2021,British & Irish Lions,2021-08-07,South Africa,British and Irish Lions,British and Irish Lions,Kyle Sinckler,18,R,False,,59,21,593818,espn
2021,British & Irish Lions,2021-08-07,South Africa,British and Irish Lions,British and Irish Lions,Adam Beard,19,R,False,,61,19,593818,espn
2021,British & Irish Lions,2021-08-07,South Africa,British and Irish Lions,British and Irish Lions,Sam Simmonds,20,R,False,,61,19,593818,espn
2021,British & Irish Lions,2021-08-07,South Africa,British and Irish Lions,British and Irish Lions,Conor Murray,21,R,False,,59,21,593818,espn
2021,British & Irish Lions,2021-08-07,South Africa,British and Irish Lions,British and Irish Lions,Finn Russell,22,R,False,,11,69,593818,espn
2021,British & Irish Lions,2021-08-07,South Africa,British and Irish Lions,British and Irish Lions,Elliot Daly,23,R,False,,,0,593818,espn
